"rPT1Sjq2YGrBMTttX4GZHjKu9dyfzbpAYe","1000000000","rD7cGAqyVJ6Zksh8QBVh3i3v4jFkpd9BQx","1000000000","2021-10-26T06:16:51.000Z"
"rPT1Sjq2YGrBMTttX4GZHjKu9dyfzbpAYe","1000000000","rD7cGAqyVJ6Zksh8QBVh3i3v4jFkpd9BQx","1000000000","2021-10-26T06:16:51.000Z"
"rPT1Sjq2YGrBMTttX4GZHjKu9dyfzbpAYe","1000000000","rD7cGAqyVJ6Zksh8QBVh3i3v4jFkpd9BQx","1000000000","2021-10-26T06:16:51.000Z"
"rPT1Sjq2YGrBMTttX4GZHjKu9dyfzbpAYe","1000000000","rD7cGAqyVJ6Zksh8QBVh3i3v4jFkpd9BQx","1000000000","2021-10-26T06:16:51.000Z"
"rPT1Sjq2YGrBMTttX4GZHjKu9dyfzbpAYe","1000000000","rD7cGAqyVJ6Zksh8QBVh3i3v4jFkpd9BQx","1000000000","2021-10-26T06:16:51.000Z"
"rPT1Sjq2YGrBMTttX4GZHjKu9dyfzbpAYe","1000000000","rD7cGAqyVJ6Zksh8QBVh3i3v4jFkpd9BQx","1000000000","2021-10-26T06:16:50.000Z"
"rPT1Sjq2YGrBMTttX4GZHjKu9dyfzbpAYe","1000000000","rD7cGAqyVJ6Zksh8QBVh3i3v4jFkpd9BQx","1000000000","2021-10-26T06:16:50.000Z"
"rPT1Sjq2YGrBMTttX4GZHjKu9dyfzbpAYe","1000000000","rD7cGAqyVJ6Zksh8QBVh3i3v4jFkpd9BQx","1000000000","2021-10-26T06:16:50.000Z"
"rPT1Sjq2YGrBMTttX4GZHjKu9dyfzbpAYe","1000000000","rD7cGAqyVJ6Zksh8QBVh3i3v4jFkpd9BQx","1000000000","2021-10-26T06:16:50.000Z"
"rPT1Sjq2YGrBMTttX4GZHjKu9dyfzbpAYe","1000000000","rD7cGAqyVJ6Zksh8QBVh3i3v4jFkpd9BQx","1000000000","2021-10-26T06:16:50.000Z"
"rPT1Sjq2YGrBMTttX4GZHjKu9dyfzbpAYe","1000000000","rD7cGAqyVJ6Zksh8QBVh3i3v4jFkpd9BQx","1000000000","2021-10-26T06:16:50.000Z"
"rPT1Sjq2YGrBMTttX4GZHjKu9dyfzbpAYe","1000000000","rD7cGAqyVJ6Zksh8QBVh3i3v4jFkpd9BQx","1000000000","2021-10-26T06:16:50.000Z"
"rPT1Sjq2YGrBMTttX4GZHjKu9dyfzbpAYe","1000000000","rD7cGAqyVJ6Zksh8QBVh3i3v4jFkpd9BQx","1000000000","2021-10-26T06:16:50.000Z"
"rPT1Sjq2YGrBMTttX4GZHjKu9dyfzbpAYe","1000000000","rD7cGAqyVJ6Zksh8QBVh3i3v4jFkpd9BQx","1000000000","2021-10-26T06:16:41.000Z"
"rPT1Sjq2YGrBMTttX4GZHjKu9dyfzbpAYe","1000000000","rD7cGAqyVJ6Zksh8QBVh3i3v4jFkpd9BQx","1000000000","2021-10-26T06:16:41.000Z"
"rPT1Sjq2YGrBMTttX4GZHjKu9dyfzbpAYe","1000000000","rD7cGAqyVJ6Zksh8QBVh3i3v4jFkpd9BQx","1000000000","2021-10-26T06:16:41.000Z"
"rPT1Sjq2YGrBMTttX4GZHjKu9dyfzbpAYe","1000000000","rD7cGAqyVJ6Zksh8QBVh3i3v4jFkpd9BQx","1000000000","2021-10-26T06:16:41.000Z"
"rPT1Sjq2YGrBMTttX4GZHjKu9dyfzbpAYe","1000000000","rD7cGAqyVJ6Zksh8QBVh3i3v4jFkpd9BQx","1000000000","2021-10-26T06:16:40.000Z"
"rPT1Sjq2YGrBMTttX4GZHjKu9dyfzbpAYe","1000000000","rD7cGAqyVJ6Zksh8QBVh3i3v4jFkpd9BQx","1000000000","2021-10-26T06:16:40.000Z"
"rPT1Sjq2YGrBMTttX4GZHjKu9dyfzbpAYe","1000000000","rD7cGAqyVJ6Zksh8QBVh3i3v4jFkpd9BQx","1000000000","2021-10-26T06:16:40.000Z"
"rPT1Sjq2YGrBMTttX4GZHjKu9dyfzbpAYe","1000000000","rD7cGAqyVJ6Zksh8QBVh3i3v4jFkpd9BQx","1000000000","2021-10-26T06:16:40.000Z"
"rPT1Sjq2YGrBMTttX4GZHjKu9dyfzbpAYe","1000000000","rD7cGAqyVJ6Zksh8QBVh3i3v4jFkpd9BQx","1000000000","2021-10-26T06:16:40.000Z"
"rPT1Sjq2YGrBMTttX4GZHjKu9dyfzbpAYe","1000000000","rD7cGAqyVJ6Zksh8QBVh3i3v4jFkpd9BQx","1000000000","2021-10-26T06:16:40.000Z"
"rPT1Sjq2YGrBMTttX4GZHjKu9dyfzbpAYe","1000000000","rD7cGAqyVJ6Zksh8QBVh3i3v4jFkpd9BQx","1000000000","2021-10-26T06:16:40.000Z"
"rPT1Sjq2YGrBMTttX4GZHjKu9dyfzbpAYe","1000000000","rD7cGAqyVJ6Zksh8QBVh3i3v4jFkpd9BQx","1000000000","2021-10-26T06:16:33.000Z"
"rPT1Sjq2YGrBMTttX4GZHjKu9dyfzbpAYe","1000000000","rD7cGAqyVJ6Zksh8QBVh3i3v4jFkpd9BQx","1000000000","2021-10-26T06:16:33.000Z"
"rPT1Sjq2YGrBMTttX4GZHjKu9dyfzbpAYe","1000000000","rD7cGAqyVJ6Zksh8QBVh3i3v4jFkpd9BQx","1000000000","2021-10-26T06:16:33.000Z"
"rPT1Sjq2YGrBMTttX4GZHjKu9dyfzbpAYe","1000000000","rD7cGAqyVJ6Zksh8QBVh3i3v4jFkpd9BQx","1000000000","2021-10-26T06:16:33.000Z"
"rPT1Sjq2YGrBMTttX4GZHjKu9dyfzbpAYe","1000000000","rD7cGAqyVJ6Zksh8QBVh3i3v4jFkpd9BQx","1000000000","2021-10-26T06:16:33.000Z"
"rPT1Sjq2YGrBMTttX4GZHjKu9dyfzbpAYe","1000000000","rD7cGAqyVJ6Zksh8QBVh3i3v4jFkpd9BQx","1000000000","2021-10-26T06:16:32.000Z"
"rPT1Sjq2YGrBMTttX4GZHjKu9dyfzbpAYe","1000000000","rD7cGAqyVJ6Zksh8QBVh3i3v4jFkpd9BQx","1000000000","2021-10-26T06:16:32.000Z"
"rPT1Sjq2YGrBMTttX4GZHjKu9dyfzbpAYe","1000000000","rD7cGAqyVJ6Zksh8QBVh3i3v4jFkpd9BQx","1000000000","2021-10-26T06:16:32.000Z"
"rPT1Sjq2YGrBMTttX4GZHjKu9dyfzbpAYe","1000000000","rD7cGAqyVJ6Zksh8QBVh3i3v4jFkpd9BQx","1000000000","2021-10-26T06:16:32.000Z"
"rPT1Sjq2YGrBMTttX4GZHjKu9dyfzbpAYe","1000000000","rD7cGAqyVJ6Zksh8QBVh3i3v4jFkpd9BQx","1000000000","2021-10-26T06:16:32.000Z"
"rPT1Sjq2YGrBMTttX4GZHjKu9dyfzbpAYe","1000000000","rD7cGAqyVJ6Zksh8QBVh3i3v4jFkpd9BQx","1000000000","2021-10-26T06:16:32.000Z"
"rPT1Sjq2YGrBMTttX4GZHjKu9dyfzbpAYe","1000000000","rD7cGAqyVJ6Zksh8QBVh3i3v4jFkpd9BQx","1000000000","2021-10-26T06:16:31.000Z"
"rPT1Sjq2YGrBMTttX4GZHjKu9dyfzbpAYe","1000000000","rD7cGAqyVJ6Zksh8QBVh3i3v4jFkpd9BQx","1000000000","2021-10-26T06:16:31.000Z"
"rPT1Sjq2YGrBMTttX4GZHjKu9dyfzbpAYe","1000000000","rD7cGAqyVJ6Zksh8QBVh3i3v4jFkpd9BQx","1000000000","2021-10-26T06:16:31.000Z"
"rPT1Sjq2YGrBMTttX4GZHjKu9dyfzbpAYe","1000000000","rD7cGAqyVJ6Zksh8QBVh3i3v4jFkpd9BQx","1000000000","2021-10-26T06:16:31.000Z"
"rPT1Sjq2YGrBMTttX4GZHjKu9dyfzbpAYe","1000000000","rD7cGAqyVJ6Zksh8QBVh3i3v4jFkpd9BQx","1000000000","2021-10-26T06:16:31.000Z"
"rPT1Sjq2YGrBMTttX4GZHjKu9dyfzbpAYe","1000000000","rD7cGAqyVJ6Zksh8QBVh3i3v4jFkpd9BQx","1000000000","2021-10-26T06:16:31.000Z"
"rPT1Sjq2YGrBMTttX4GZHjKu9dyfzbpAYe","1000000000","rD7cGAqyVJ6Zksh8QBVh3i3v4jFkpd9BQx","1000000000","2021-10-26T06:16:30.000Z"
"rPT1Sjq2YGrBMTttX4GZHjKu9dyfzbpAYe","1000000000","rD7cGAqyVJ6Zksh8QBVh3i3v4jFkpd9BQx","1000000000","2021-10-26T06:16:30.000Z"
"rPT1Sjq2YGrBMTttX4GZHjKu9dyfzbpAYe","1000000000","rD7cGAqyVJ6Zksh8QBVh3i3v4jFkpd9BQx","1000000000","2021-10-26T06:16:30.000Z"
"rPT1Sjq2YGrBMTttX4GZHjKu9dyfzbpAYe","1000000000","rD7cGAqyVJ6Zksh8QBVh3i3v4jFkpd9BQx","1000000000","2021-10-26T06:16:30.000Z"
"rPT1Sjq2YGrBMTttX4GZHjKu9dyfzbpAYe","1000000000","rD7cGAqyVJ6Zksh8QBVh3i3v4jFkpd9BQx","1000000000","2021-10-26T06:16:30.000Z"
"rPT1Sjq2YGrBMTttX4GZHjKu9dyfzbpAYe","1000000000","rD7cGAqyVJ6Zksh8QBVh3i3v4jFkpd9BQx","1000000000","2021-10-26T06:16:30.000Z"
"rPT1Sjq2YGrBMTttX4GZHjKu9dyfzbpAYe","1000000000","rD7cGAqyVJ6Zksh8QBVh3i3v4jFkpd9BQx","1000000000","2021-10-26T06:16:22.000Z"
"rPT1Sjq2YGrBMTttX4GZHjKu9dyfzbpAYe","1000000000","rD7cGAqyVJ6Zksh8QBVh3i3v4jFkpd9BQx","1000000000","2021-10-26T06:16:22.000Z"
"rPT1Sjq2YGrBMTttX4GZHjKu9dyfzbpAYe","1000000000","rD7cGAqyVJ6Zksh8QBVh3i3v4jFkpd9BQx","1000000000","2021-10-26T06:16:22.000Z"
"rPT1Sjq2YGrBMTttX4GZHjKu9dyfzbpAYe","1000000000","rD7cGAqyVJ6Zksh8QBVh3i3v4jFkpd9BQx","1000000000","2021-10-26T06:16:21.000Z"
"rPT1Sjq2YGrBMTttX4GZHjKu9dyfzbpAYe","1000000000","rD7cGAqyVJ6Zksh8QBVh3i3v4jFkpd9BQx","1000000000","2021-10-26T06:16:21.000Z"
"rPT1Sjq2YGrBMTttX4GZHjKu9dyfzbpAYe","1000000000","rD7cGAqyVJ6Zksh8QBVh3i3v4jFkpd9BQx","1000000000","2021-10-26T06:16:21.000Z"
"rPT1Sjq2YGrBMTttX4GZHjKu9dyfzbpAYe","1000000000","rD7cGAqyVJ6Zksh8QBVh3i3v4jFkpd9BQx","1000000000","2021-10-26T06:16:21.000Z"
"rPT1Sjq2YGrBMTttX4GZHjKu9dyfzbpAYe","1000000000","rD7cGAqyVJ6Zksh8QBVh3i3v4jFkpd9BQx","1000000000","2021-10-26T06:16:21.000Z"
"rPT1Sjq2YGrBMTttX4GZHjKu9dyfzbpAYe","1000000000","rD7cGAqyVJ6Zksh8QBVh3i3v4jFkpd9BQx","1000000000","2021-10-26T06:16:21.000Z"
"rPT1Sjq2YGrBMTttX4GZHjKu9dyfzbpAYe","1000000000","rD7cGAqyVJ6Zksh8QBVh3i3v4jFkpd9BQx","1000000000","2021-10-26T06:16:20.000Z"
"rPT1Sjq2YGrBMTttX4GZHjKu9dyfzbpAYe","1000000000","rD7cGAqyVJ6Zksh8QBVh3i3v4jFkpd9BQx","1000000000","2021-10-26T06:16:20.000Z"
"rPT1Sjq2YGrBMTttX4GZHjKu9dyfzbpAYe","1000000000","rD7cGAqyVJ6Zksh8QBVh3i3v4jFkpd9BQx","1000000000","2021-10-26T06:16:20.000Z"
"rPT1Sjq2YGrBMTttX4GZHjKu9dyfzbpAYe","1000000000","rD7cGAqyVJ6Zksh8QBVh3i3v4jFkpd9BQx","1000000000","2021-10-26T06:16:20.000Z"
"rPT1Sjq2YGrBMTttX4GZHjKu9dyfzbpAYe","1000000000","rD7cGAqyVJ6Zksh8QBVh3i3v4jFkpd9BQx","1000000000","2021-10-26T06:16:20.000Z"
"rPT1Sjq2YGrBMTttX4GZHjKu9dyfzbpAYe","1000000000","rD7cGAqyVJ6Zksh8QBVh3i3v4jFkpd9BQx","1000000000","2021-10-26T06:16:20.000Z"
"rPT1Sjq2YGrBMTttX4GZHjKu9dyfzbpAYe","1000000000","rD7cGAqyVJ6Zksh8QBVh3i3v4jFkpd9BQx","1000000000","2021-10-26T06:16:12.000Z"
"rPT1Sjq2YGrBMTttX4GZHjKu9dyfzbpAYe","1000000000","rD7cGAqyVJ6Zksh8QBVh3i3v4jFkpd9BQx","1000000000","2021-10-26T06:16:12.000Z"
"rPT1Sjq2YGrBMTttX4GZHjKu9dyfzbpAYe","1000000000","rD7cGAqyVJ6Zksh8QBVh3i3v4jFkpd9BQx","1000000000","2021-10-26T06:16:12.000Z"
"rPT1Sjq2YGrBMTttX4GZHjKu9dyfzbpAYe","1000000000","rD7cGAqyVJ6Zksh8QBVh3i3v4jFkpd9BQx","1000000000","2021-10-26T06:16:12.000Z"
"rPT1Sjq2YGrBMTttX4GZHjKu9dyfzbpAYe","1000000000","rD7cGAqyVJ6Zksh8QBVh3i3v4jFkpd9BQx","1000000000","2021-10-26T06:16:12.000Z"
"rPT1Sjq2YGrBMTttX4GZHjKu9dyfzbpAYe","1000000000","rD7cGAqyVJ6Zksh8QBVh3i3v4jFkpd9BQx","1000000000","2021-10-26T06:16:11.000Z"
"rPT1Sjq2YGrBMTttX4GZHjKu9dyfzbpAYe","1000000000","rD7cGAqyVJ6Zksh8QBVh3i3v4jFkpd9BQx","1000000000","2021-10-26T06:16:11.000Z"
"rPT1Sjq2YGrBMTttX4GZHjKu9dyfzbpAYe","1000000000","rpT8BqCsX5tCguLzgUj3eaVZPj4vU5J4gg","1000000000","2021-10-26T06:16:11.000Z"
"rPT1Sjq2YGrBMTttX4GZHjKu9dyfzbpAYe","1000000000","rD7cGAqyVJ6Zksh8QBVh3i3v4jFkpd9BQx","1000000000","2021-10-26T06:16:11.000Z"
"rPT1Sjq2YGrBMTttX4GZHjKu9dyfzbpAYe","1000000000","rD7cGAqyVJ6Zksh8QBVh3i3v4jFkpd9BQx","1000000000","2021-10-26T06:16:11.000Z"
"rPT1Sjq2YGrBMTttX4GZHjKu9dyfzbpAYe","1000000000","rD7cGAqyVJ6Zksh8QBVh3i3v4jFkpd9BQx","1000000000","2021-10-26T06:16:11.000Z"
"rPT1Sjq2YGrBMTttX4GZHjKu9dyfzbpAYe","1000000000","rD7cGAqyVJ6Zksh8QBVh3i3v4jFkpd9BQx","1000000000","2021-10-26T06:16:11.000Z"
"rPT1Sjq2YGrBMTttX4GZHjKu9dyfzbpAYe","1000000000","rD7cGAqyVJ6Zksh8QBVh3i3v4jFkpd9BQx","1000000000","2021-10-26T06:16:10.000Z"
"rPT1Sjq2YGrBMTttX4GZHjKu9dyfzbpAYe","1000000000","rD7cGAqyVJ6Zksh8QBVh3i3v4jFkpd9BQx","1000000000","2021-10-26T06:16:10.000Z"
"rPT1Sjq2YGrBMTttX4GZHjKu9dyfzbpAYe","1000000000","rD7cGAqyVJ6Zksh8QBVh3i3v4jFkpd9BQx","1000000000","2021-10-26T06:16:10.000Z"
"rPT1Sjq2YGrBMTttX4GZHjKu9dyfzbpAYe","1000000000","rD7cGAqyVJ6Zksh8QBVh3i3v4jFkpd9BQx","1000000000","2021-10-26T06:16:10.000Z"
"rPT1Sjq2YGrBMTttX4GZHjKu9dyfzbpAYe","1000000000","rD7cGAqyVJ6Zksh8QBVh3i3v4jFkpd9BQx","1000000000","2021-10-26T06:16:10.000Z"
"rPT1Sjq2YGrBMTttX4GZHjKu9dyfzbpAYe","1000000000","rD7cGAqyVJ6Zksh8QBVh3i3v4jFkpd9BQx","1000000000","2021-10-26T06:16:10.000Z"
"rPT1Sjq2YGrBMTttX4GZHjKu9dyfzbpAYe","1000000000","rUzehRgHynYogoLixZ52KtsibcByjS6pD7","1000000000","2021-10-26T06:16:02.000Z"
"rPT1Sjq2YGrBMTttX4GZHjKu9dyfzbpAYe","1000000000","rD7cGAqyVJ6Zksh8QBVh3i3v4jFkpd9BQx","1000000000","2021-10-26T06:16:02.000Z"
"rPT1Sjq2YGrBMTttX4GZHjKu9dyfzbpAYe","1000000000","rD7cGAqyVJ6Zksh8QBVh3i3v4jFkpd9BQx","1000000000","2021-10-26T06:16:02.000Z"
"rPT1Sjq2YGrBMTttX4GZHjKu9dyfzbpAYe","1000000000","rD7cGAqyVJ6Zksh8QBVh3i3v4jFkpd9BQx","1000000000","2021-10-26T06:16:02.000Z"
"rPT1Sjq2YGrBMTttX4GZHjKu9dyfzbpAYe","1000000000","rD7cGAqyVJ6Zksh8QBVh3i3v4jFkpd9BQx","1000000000","2021-10-26T06:16:01.000Z"
"rPT1Sjq2YGrBMTttX4GZHjKu9dyfzbpAYe","1000000000","rD7cGAqyVJ6Zksh8QBVh3i3v4jFkpd9BQx","1000000000","2021-10-26T06:16:01.000Z"
"rPT1Sjq2YGrBMTttX4GZHjKu9dyfzbpAYe","1000000000","rD7cGAqyVJ6Zksh8QBVh3i3v4jFkpd9BQx","1000000000","2021-10-26T06:16:01.000Z"
"rPT1Sjq2YGrBMTttX4GZHjKu9dyfzbpAYe","1000000000","rD7cGAqyVJ6Zksh8QBVh3i3v4jFkpd9BQx","1000000000","2021-10-26T06:16:01.000Z"
"rPT1Sjq2YGrBMTttX4GZHjKu9dyfzbpAYe","1000000000","rD7cGAqyVJ6Zksh8QBVh3i3v4jFkpd9BQx","1000000000","2021-10-26T06:16:01.000Z"
"rPT1Sjq2YGrBMTttX4GZHjKu9dyfzbpAYe","1000000000","rD7cGAqyVJ6Zksh8QBVh3i3v4jFkpd9BQx","1000000000","2021-10-26T06:16:01.000Z"
"rPT1Sjq2YGrBMTttX4GZHjKu9dyfzbpAYe","1000000000","rD7cGAqyVJ6Zksh8QBVh3i3v4jFkpd9BQx","1000000000","2021-10-26T06:16:01.000Z"
"rPT1Sjq2YGrBMTttX4GZHjKu9dyfzbpAYe","1000000000","rD7cGAqyVJ6Zksh8QBVh3i3v4jFkpd9BQx","1000000000","2021-10-26T06:16:01.000Z"
"rPT1Sjq2YGrBMTttX4GZHjKu9dyfzbpAYe","1000000000","rD7cGAqyVJ6Zksh8QBVh3i3v4jFkpd9BQx","1000000000","2021-10-26T06:16:00.000Z"
"rPT1Sjq2YGrBMTttX4GZHjKu9dyfzbpAYe","1000000000","rD7cGAqyVJ6Zksh8QBVh3i3v4jFkpd9BQx","1000000000","2021-10-26T06:16:00.000Z"
"rPT1Sjq2YGrBMTttX4GZHjKu9dyfzbpAYe","1000000000","rD7cGAqyVJ6Zksh8QBVh3i3v4jFkpd9BQx","1000000000","2021-10-26T06:16:00.000Z"
"rPT1Sjq2YGrBMTttX4GZHjKu9dyfzbpAYe","1000000000","rD7cGAqyVJ6Zksh8QBVh3i3v4jFkpd9BQx","1000000000","2021-10-26T06:16:00.000Z"
"rPT1Sjq2YGrBMTttX4GZHjKu9dyfzbpAYe","1000000000","rD7cGAqyVJ6Zksh8QBVh3i3v4jFkpd9BQx","1000000000","2021-10-26T06:16:00.000Z"
"rPT1Sjq2YGrBMTttX4GZHjKu9dyfzbpAYe","1000000000","rD7cGAqyVJ6Zksh8QBVh3i3v4jFkpd9BQx","1000000000","2021-10-26T06:16:00.000Z"
"rPT1Sjq2YGrBMTttX4GZHjKu9dyfzbpAYe","1000000000","rD7cGAqyVJ6Zksh8QBVh3i3v4jFkpd9BQx","1000000000","2021-10-26T06:16:00.000Z"
"rPT1Sjq2YGrBMTttX4GZHjKu9dyfzbpAYe","1000000000","rD7cGAqyVJ6Zksh8QBVh3i3v4jFkpd9BQx","1000000000","2021-10-26T06:15:52.000Z"
"rPT1Sjq2YGrBMTttX4GZHjKu9dyfzbpAYe","1000000000","rD7cGAqyVJ6Zksh8QBVh3i3v4jFkpd9BQx","1000000000","2021-10-26T06:15:52.000Z"
"rPT1Sjq2YGrBMTttX4GZHjKu9dyfzbpAYe","1000000000","rD7cGAqyVJ6Zksh8QBVh3i3v4jFkpd9BQx","1000000000","2021-10-26T06:15:51.000Z"
"rPT1Sjq2YGrBMTttX4GZHjKu9dyfzbpAYe","1000000000","rHxRnK6e9amugL9b1kY9McvUnAkm3K3B4X","1000000000","2021-10-26T06:15:32.000Z"
"rPT1Sjq2YGrBMTttX4GZHjKu9dyfzbpAYe","1000000000","rM9QkzSnrmJJpoNu9KnK4x8LU5LfjJ53XZ","1000000000","2021-10-26T06:11:40.000Z"
"rPT1Sjq2YGrBMTttX4GZHjKu9dyfzbpAYe","1000000000","rMvHKTkmHUycEgsF6khJbR8WYNDsM81NTt","1000000000","2021-10-26T06:11:32.000Z"
"rPT1Sjq2YGrBMTttX4GZHjKu9dyfzbpAYe","1000000000","rPp5SztD5a1wkERqp18KSM3kWa4o6dT2BR","1000000000","2021-10-26T06:10:50.000Z"
"rPT1Sjq2YGrBMTttX4GZHjKu9dyfzbpAYe","1000000000","rwv5ZfpQYsKA8nSKkBnp65734kZuvdwVo2","1000000000","2021-10-26T06:08:52.000Z"
"rPT1Sjq2YGrBMTttX4GZHjKu9dyfzbpAYe","1000000000","rGj9xs5MPe5aMY11Z87kfMY3FFNFCCGQN7","1000000000","2021-10-26T06:05:40.000Z"
"rPT1Sjq2YGrBMTttX4GZHjKu9dyfzbpAYe","1000000000","raigyKa9vuogfRUjbywV1t6vg6ET2QisQ4","1000000000","2021-10-26T06:05:32.000Z"
"rPT1Sjq2YGrBMTttX4GZHjKu9dyfzbpAYe","1000000000","rKYQvQ6imDcqbDXnj4ZyhTuCNm3BaRAyqF","1000000000","2021-10-26T06:01:00.000Z"
"rPT1Sjq2YGrBMTttX4GZHjKu9dyfzbpAYe","1000000000","rMUDc5P71jZBoN7jsMVLcFpGu85gyLGgAS","1000000000","2021-10-26T05:56:23.000Z"
"rPT1Sjq2YGrBMTttX4GZHjKu9dyfzbpAYe","1000000000","rDrWZemVLVqBuW8S73YbFtRpi7jTTgfx45","1000000000","2021-10-26T05:46:21.000Z"
"rPT1Sjq2YGrBMTttX4GZHjKu9dyfzbpAYe","1000000000","rwQBEwgvtCogGiDpx9BqgDHeLbshJdQwuJ","1000000000","2021-10-26T05:46:20.000Z"
"rPT1Sjq2YGrBMTttX4GZHjKu9dyfzbpAYe","1000000000","rwVyNcnd6RakUhUpdU9wFcenxeanqcjyMF","1000000000","2021-10-26T05:44:21.000Z"
"rPT1Sjq2YGrBMTttX4GZHjKu9dyfzbpAYe","1000000000","rKnGBxJ7Xx1o5SXhqwcjqgBcDTCwhDvSrW","1000000000","2021-10-26T05:44:20.000Z"
"rPT1Sjq2YGrBMTttX4GZHjKu9dyfzbpAYe","1000000000","rKiLL8zjWF7iodnoLCxwhoefowe6j3q6FZ","1000000000","2021-10-26T05:41:23.000Z"
"rPT1Sjq2YGrBMTttX4GZHjKu9dyfzbpAYe","1000000000","rBaE3sao3rpukYzEWMGu8YKbwKoxdzb6rE","1000000000","2021-10-26T05:41:22.000Z"
"rPT1Sjq2YGrBMTttX4GZHjKu9dyfzbpAYe","1000000000","rEEWQLB2hfXxYGANb9d2NTym3X7QoYa8oy","1000000000","2021-10-26T05:38:02.000Z"
"rPT1Sjq2YGrBMTttX4GZHjKu9dyfzbpAYe","1000000000","rKagJN3ewFR3ktkdZbrLMPD27jMSvx1yat","1000000000","2021-10-26T05:38:01.000Z"
"rPT1Sjq2YGrBMTttX4GZHjKu9dyfzbpAYe","1000000000","rsfBixGzDCMewqXWm5GDA9RxSE5h5nRjAW","1000000000","2021-10-26T05:36:20.000Z"
"rPT1Sjq2YGrBMTttX4GZHjKu9dyfzbpAYe","1000000000","rG8tUiFtDEMeN7TM9tBnr8wP1CEtPo96S3","1000000000","2021-10-26T05:36:12.000Z"
"rPT1Sjq2YGrBMTttX4GZHjKu9dyfzbpAYe","1000000000","r9rT1Xzs8bb21v4mF4uaVNfUSbJRXGSBcn","1000000000","2021-10-26T05:29:10.000Z"
"rPT1Sjq2YGrBMTttX4GZHjKu9dyfzbpAYe","1000000000","rKAHJNa4UnkrbGxyQjaxUUxqb4Z8UhLua2","1000000000","2021-10-26T05:28:31.000Z"
"rPT1Sjq2YGrBMTttX4GZHjKu9dyfzbpAYe","1000000000","rHrw3PvNMiS4Uc2pkF7ymKztNrgxvjprLE","1000000000","2021-10-26T05:25:52.000Z"
"rhK26yaRQnKKJgSyXzRSHbWDzLARMgkR2u","22000000","rPT1Sjq2YGrBMTttX4GZHjKu9dyfzbpAYe","22000000","2021-10-26T05:21:20.000Z"
"rPT1Sjq2YGrBMTttX4GZHjKu9dyfzbpAYe","1000000000","rhK26yaRQnKKJgSyXzRSHbWDzLARMgkR2u","1000000000","2021-10-26T05:20:51.000Z"
"rPT1Sjq2YGrBMTttX4GZHjKu9dyfzbpAYe","1000000000","rDkaoH32ye5nXP4EC2V76AbMfRCfoM882e","1000000000","2021-10-26T05:19:12.000Z"
"rPT1Sjq2YGrBMTttX4GZHjKu9dyfzbpAYe","1000000000","rDkaoH32ye5nXP4EC2V76AbMfRCfoM882e","1000000000","2021-10-26T05:19:10.000Z"
"rPT1Sjq2YGrBMTttX4GZHjKu9dyfzbpAYe","1000000000","rPPJmmhfj9z5u5Q7hsTAB7jGA2zgFgUsTR","1000000000","2021-10-26T05:18:41.000Z"
"rPT1Sjq2YGrBMTttX4GZHjKu9dyfzbpAYe","1000000000","rhLXnnGYYriaYd5mHPqxFhvREhtcDzNK8o","1000000000","2021-10-26T05:18:41.000Z"
"rPT1Sjq2YGrBMTttX4GZHjKu9dyfzbpAYe","1000000000","rBLCTg9yMNxCw1HgYwTbjGHS3t4XRh6NMe","1000000000","2021-10-26T05:18:40.000Z"
"rPT1Sjq2YGrBMTttX4GZHjKu9dyfzbpAYe","1000000000","rhLXnnGYYriaYd5mHPqxFhvREhtcDzNK8o","1000000000","2021-10-26T05:18:32.000Z"
"rPT1Sjq2YGrBMTttX4GZHjKu9dyfzbpAYe","1000000000","rPPJmmhfj9z5u5Q7hsTAB7jGA2zgFgUsTR","1000000000","2021-10-26T05:18:32.000Z"
"rPT1Sjq2YGrBMTttX4GZHjKu9dyfzbpAYe","1000000000","rBLCTg9yMNxCw1HgYwTbjGHS3t4XRh6NMe","1000000000","2021-10-26T05:18:31.000Z"
"rPT1Sjq2YGrBMTttX4GZHjKu9dyfzbpAYe","1000000000","rUwvFsHSXc6JFgJ3ZEDzDmCciZcCRau6Gs","1000000000","2021-10-26T05:17:20.000Z"
"rPT1Sjq2YGrBMTttX4GZHjKu9dyfzbpAYe","1000000000","r9apVrvv8yvvJshh9UcWw7VSXPzh179RCc","1000000000","2021-10-26T04:57:51.000Z"
"rPT1Sjq2YGrBMTttX4GZHjKu9dyfzbpAYe","1000000000","rJfjMmHGvvEeVdYu96SFwEjajDcdX5VbQv","1000000000","2021-10-26T04:50:32.000Z"
"rPT1Sjq2YGrBMTttX4GZHjKu9dyfzbpAYe","1000000000","rNreN4dHJCsbDd5HnGe9b6EsMo4aqN89m6","1000000000","2021-10-26T04:35:20.000Z"
"rPT1Sjq2YGrBMTttX4GZHjKu9dyfzbpAYe","1000000000","rBPF91NTY1BS8QVWZsg4HH5XihYesWeCJY","1000000000","2021-10-26T04:21:12.000Z"
"rPT1Sjq2YGrBMTttX4GZHjKu9dyfzbpAYe","1000000000","rDzNqhkuZvVCp1q7UDRu2QxpZEXh9isFgy","1000000000","2021-10-26T04:16:43.000Z"
"rPT1Sjq2YGrBMTttX4GZHjKu9dyfzbpAYe","1000000000","rBJK7yZwvqBgnvjW7G1zzLkbpLHGqva8Qu","1000000000","2021-10-26T03:53:40.000Z"
"rPT1Sjq2YGrBMTttX4GZHjKu9dyfzbpAYe","1000000000","rh99jMYKy6CSX512PuokB96CG5m3fcioQQ","1000000000","2021-10-26T03:53:31.000Z"
"rPT1Sjq2YGrBMTttX4GZHjKu9dyfzbpAYe","1000000000","raH73SivRuBagryqEEvqiHcA3LxCQ19TSP","1000000000","2021-10-26T03:53:22.000Z"
"rPT1Sjq2YGrBMTttX4GZHjKu9dyfzbpAYe","1000000000","rNzmzZqUqqqAbr2wKk5kn5VjScDvv3UdkG","1000000000","2021-10-26T03:53:20.000Z"
"rPT1Sjq2YGrBMTttX4GZHjKu9dyfzbpAYe","1000000000","rsSGd6XFRjs5DYG1yJqvQz57GoUxRM7zKN","1000000000","2021-10-26T03:53:10.000Z"
"rPT1Sjq2YGrBMTttX4GZHjKu9dyfzbpAYe","1000000000","rRv9VEqRsr5UnHVhFo7HdQ8Jwkfk3CUR1","1000000000","2021-10-26T03:53:02.000Z"
"rPT1Sjq2YGrBMTttX4GZHjKu9dyfzbpAYe","1000000000","rL8K4dk4hCWCC7WixcvQ72R47MKXM13SrN","1000000000","2021-10-26T03:52:52.000Z"
"rPT1Sjq2YGrBMTttX4GZHjKu9dyfzbpAYe","1000000000","rwbVURFutU1FqWgTPdEwLK7KrJTD6iLdY7","1000000000","2021-10-26T03:52:50.000Z"
"rPT1Sjq2YGrBMTttX4GZHjKu9dyfzbpAYe","1000000000","rs5gnEqBjmUjNs5guipMHmezjrNNrkXkSK","1000000000","2021-10-26T03:46:30.000Z"
"rPT1Sjq2YGrBMTttX4GZHjKu9dyfzbpAYe","1000000000","rJHQE3VuRVk9Akqa8WSHshByzYPfbDhhgQ","1000000000","2021-10-26T03:45:51.000Z"
"rPT1Sjq2YGrBMTttX4GZHjKu9dyfzbpAYe","1000000000","rUpyc8rzRG33MR4UeXesgS1YfRfrKoDbVM","1000000000","2021-10-26T03:45:42.000Z"
"rPT1Sjq2YGrBMTttX4GZHjKu9dyfzbpAYe","1000000000","rDmw6sPAxZqJwioa1sVxB116aKMaAB2Y7i","1000000000","2021-10-26T03:37:52.000Z"
"rPT1Sjq2YGrBMTttX4GZHjKu9dyfzbpAYe","1000000000","rBhta2tevj8quyXKTaTi66U7Zqf2ByXBf9","1000000000","2021-10-26T03:37:50.000Z"
"rPT1Sjq2YGrBMTttX4GZHjKu9dyfzbpAYe","1000000000","rMttkpZuvQTC4rsMkxAzwzpvHz67uzfm8z","1000000000","2021-10-26T03:37:42.000Z"
"rPT1Sjq2YGrBMTttX4GZHjKu9dyfzbpAYe","1000000000","rNh84qmY2BXs8uH9QnCSbVudm3xMcrHsUo","1000000000","2021-10-26T03:37:40.000Z"
"rPT1Sjq2YGrBMTttX4GZHjKu9dyfzbpAYe","1000000000","rN5vvjhgNbDsq5iXTx5nNAnZWYJHSQTdDw","1000000000","2021-10-26T03:37:30.000Z"
"rPT1Sjq2YGrBMTttX4GZHjKu9dyfzbpAYe","1000000000","r9xjbJpXJjn8a5okJTVMYXnSbveuDj4tH1","1000000000","2021-10-26T03:37:21.000Z"
"rPT1Sjq2YGrBMTttX4GZHjKu9dyfzbpAYe","1000000000","rPPygVHsSvkWEsYp4DXtAN55SRhYa3wSeJ","1000000000","2021-10-26T03:37:12.000Z"
"rPT1Sjq2YGrBMTttX4GZHjKu9dyfzbpAYe","1000000000","rsBefXJwdZapGA4LRx3eS451su8YDGGtaA","1000000000","2021-10-26T03:37:10.000Z"
"rPT1Sjq2YGrBMTttX4GZHjKu9dyfzbpAYe","1000000000","r96jQimjn5yKfA4uRNuAhbPHWpJxCeSbfV","1000000000","2021-10-26T03:34:30.000Z"
"rPT1Sjq2YGrBMTttX4GZHjKu9dyfzbpAYe","1000000000","r3geCnt8zhBvkqi6HMwecL82ekrYKxxrew","1000000000","2021-10-26T03:33:00.000Z"
"rPT1Sjq2YGrBMTttX4GZHjKu9dyfzbpAYe","1000000000","rG5GWZHm8KwcYYdY9sPvZYaX95gZCHzwyZ","1000000000","2021-10-26T03:32:51.000Z"
"rPT1Sjq2YGrBMTttX4GZHjKu9dyfzbpAYe","1000000000","rDQTSmPe67d2XmdnXPGQZnvTfB7BHChnvG","1000000000","2021-10-26T03:31:22.000Z"
"rPT1Sjq2YGrBMTttX4GZHjKu9dyfzbpAYe","1000000000","rUiEiePPQso83M4VL8HXsX4KPtMMqp2NpQ","1000000000","2021-10-26T03:31:01.000Z"
"rPT1Sjq2YGrBMTttX4GZHjKu9dyfzbpAYe","1000000000","rssL9xDa9SjM4PJ3BazfFi9oAsNQrP8uPa","1000000000","2021-10-26T03:30:52.000Z"
"rPT1Sjq2YGrBMTttX4GZHjKu9dyfzbpAYe","1000000000","rUKuo5acfzWXdBEfWTosLX7FpdsDvNDupr","1000000000","2021-10-26T03:30:52.000Z"
"rPT1Sjq2YGrBMTttX4GZHjKu9dyfzbpAYe","1000000000","rExpGryD9Mcr7dVHxXAKxzofpdTjS55cH4","1000000000","2021-10-26T03:30:50.000Z"
"rPT1Sjq2YGrBMTttX4GZHjKu9dyfzbpAYe","1000000000","rUsFfd4xH9L5Q2HZ2KwVb31Gp7ximp2LZr","1000000000","2021-10-26T03:28:32.000Z"
"rPT1Sjq2YGrBMTttX4GZHjKu9dyfzbpAYe","1000000000","rhH19y3o6eNG3gvCSFHv6oWAJRrCVqUFmD","1000000000","2021-10-26T03:28:30.000Z"
"rPT1Sjq2YGrBMTttX4GZHjKu9dyfzbpAYe","1000000000","rU7C6RD4eAWYzsw4zHJGnjuZAkoT8rVBFb","1000000000","2021-10-26T03:26:10.000Z"
"rPT1Sjq2YGrBMTttX4GZHjKu9dyfzbpAYe","1000000000","rLhqAsDcjwtux6gZ4mGZ9phsGXptEkz85W","1000000000","2021-10-26T03:25:22.000Z"
"rPT1Sjq2YGrBMTttX4GZHjKu9dyfzbpAYe","1000000000","r9UFDjQu6fLHvcfvMBj6TZ7mPVNYczxXbv","1000000000","2021-10-26T03:25:01.000Z"
"rPT1Sjq2YGrBMTttX4GZHjKu9dyfzbpAYe","1000000000","rL1bSFA45vieonqLof8UcqSA9uYikfVpfu","1000000000","2021-10-26T03:24:41.000Z"
"rPT1Sjq2YGrBMTttX4GZHjKu9dyfzbpAYe","1000000000","rEQnNRHzN8uFMebVZdBH4mCsSpVsz41FTT","1000000000","2021-10-26T03:24:33.000Z"
"rPT1Sjq2YGrBMTttX4GZHjKu9dyfzbpAYe","1000000000","rh8KghVBQDon9KY1wwfHMi9NA6Bstim739","1000000000","2021-10-26T03:23:51.000Z"
"rPT1Sjq2YGrBMTttX4GZHjKu9dyfzbpAYe","1000000000","rD7mmjZUnsi15W1FxRnLAHySQRLJksy57Y","1000000000","2021-10-26T03:23:42.000Z"
"rPT1Sjq2YGrBMTttX4GZHjKu9dyfzbpAYe","1000000000","rszyqG1w6J9D8UMA2hrXQ2P84Mx5kiv6tL","1000000000","2021-10-26T03:23:41.000Z"
"rPT1Sjq2YGrBMTttX4GZHjKu9dyfzbpAYe","1000000000","rJDXte1yKQH7w6KniQPE7yfHjRqyjiL6qs","1000000000","2021-10-26T03:23:10.000Z"
"rPT1Sjq2YGrBMTttX4GZHjKu9dyfzbpAYe","1000000000","rnsPRJ8i7RjM6seTMp6AWxwMVwa1konvTe","1000000000","2021-10-26T03:23:00.000Z"
"rPT1Sjq2YGrBMTttX4GZHjKu9dyfzbpAYe","1000000000","r9vJo9wot7LjWUrUNaAAYFZcCRwechwA1P","1000000000","2021-10-26T03:18:00.000Z"
"rPT1Sjq2YGrBMTttX4GZHjKu9dyfzbpAYe","1000000000","rntUF9FgCfjQQHEz2ip96zVUDxW2Qs5VAA","1000000000","2021-10-26T03:17:51.000Z"
"rPT1Sjq2YGrBMTttX4GZHjKu9dyfzbpAYe","1000000000","rJ1So92bM9RHFphjpqc4xHjLHfnvokFv6S","1000000000","2021-10-26T03:16:52.000Z"
"rPT1Sjq2YGrBMTttX4GZHjKu9dyfzbpAYe","1000000000","rfQz6G7Fzi5WkTV5tpKHwsUfybNHjYEAw3","1000000000","2021-10-26T03:16:50.000Z"
"rPT1Sjq2YGrBMTttX4GZHjKu9dyfzbpAYe","1000000000","rJnvTgXNz3cn4zADjbUv2vozH4ciBJi6me","1000000000","2021-10-26T03:00:51.000Z"
"rPT1Sjq2YGrBMTttX4GZHjKu9dyfzbpAYe","1000000000","rrskz3ZJQCDEzWZfE1EWrWTd9ibyGC5g92","1000000000","2021-10-26T03:00:41.000Z"
"rPT1Sjq2YGrBMTttX4GZHjKu9dyfzbpAYe","1000000000","rJazqsbFxEQsNyjPXxvo2H3mu556Wjhdze","1000000000","2021-10-26T03:00:33.000Z"
"rPT1Sjq2YGrBMTttX4GZHjKu9dyfzbpAYe","1000000000","rUD8Fn5uxu7tvmhtH8FsukiVs8b2b6b8p9","1000000000","2021-10-26T03:00:31.000Z"
"rPT1Sjq2YGrBMTttX4GZHjKu9dyfzbpAYe","1000000000","ragHJGUgWCdXDoo2csybVonxtTAM7uP1th","1000000000","2021-10-26T03:00:21.000Z"
"rPT1Sjq2YGrBMTttX4GZHjKu9dyfzbpAYe","1000000000","rDJZuZhLsA8fwwhQdBwkPpTAQEDSM1fZd8","1000000000","2021-10-26T03:00:12.000Z"
"rPT1Sjq2YGrBMTttX4GZHjKu9dyfzbpAYe","1000000000","r3W638PaXpCK3A8Nxji4WDqbon1XM17fJ8","1000000000","2021-10-26T03:00:02.000Z"
"rPT1Sjq2YGrBMTttX4GZHjKu9dyfzbpAYe","1000000000","rKMfRUCSsroQhyZexWxA3rpviKn1dqi9oB","1000000000","2021-10-26T02:59:52.000Z"
"rPT1Sjq2YGrBMTttX4GZHjKu9dyfzbpAYe","1000000000","rwzQ6oum9M5y8UcgxoEuJdnJPX8jGPjrVC","1000000000","2021-10-26T02:53:20.000Z"
"rPT1Sjq2YGrBMTttX4GZHjKu9dyfzbpAYe","1000000000","rUkyeWPwm6FXTruxbJe3b3UBy6s7vE9b4Y","1000000000","2021-10-26T02:52:21.000Z"
"rPT1Sjq2YGrBMTttX4GZHjKu9dyfzbpAYe","1000000000","rBZiJ53rsXvogCaHXhzhteRSx5up7iUi1G","1000000000","2021-10-26T02:51:51.000Z"
"rPT1Sjq2YGrBMTttX4GZHjKu9dyfzbpAYe","1000000000","rExcZe8g1pcBBoU3zkfRn8dC1kf6HTirfq","1000000000","2021-10-26T02:51:42.000Z"
"rPT1Sjq2YGrBMTttX4GZHjKu9dyfzbpAYe","1000000000","rn3GF4JQigAtRN8dQHgS2rbuirEQkpGdHy","1000000000","2021-10-26T02:51:20.000Z"
"rPT1Sjq2YGrBMTttX4GZHjKu9dyfzbpAYe","1000000000","rKLH62uAJasQFJpkU2yFf2aokMQv2zqPSm","1000000000","2021-10-26T02:51:11.000Z"
"rPT1Sjq2YGrBMTttX4GZHjKu9dyfzbpAYe","1000000000","r3uiDiPqVrbn9gYYZxP4opkj6dN71GeR8j","1000000000","2021-10-26T02:51:02.000Z"
"rPT1Sjq2YGrBMTttX4GZHjKu9dyfzbpAYe","1000000000","rPjWmdcVM2SKbxUzqrYHxjn3ADzZJ4t4TP","1000000000","2021-10-26T02:50:50.000Z"
"rPT1Sjq2YGrBMTttX4GZHjKu9dyfzbpAYe","1000000000","rhMvgv6f3kFZw11KnRckTxx81sFnT4eKLA","1000000000","2021-10-26T02:45:32.000Z"
